{
  "training": {
    "mean": 7.526666666666666,
    "median": 8.0,
    "std": 1.8626027190168302,
    "count": 300
  },
  "baseline": {
    "mean": 2.99,
    "median": 3.0,
    "std": 1.5715915499900093,
    "count": 300
  },
  "lora": {
    "mean": 5.763333333333334,
    "median": 6.0,
    "std": 2.4112214516482906,
    "count": 300
  },
  "gap_closure": {
    "gap_total": 4.536666666666666,
    "gap_closed": 2.7733333333333334,
    "gap_closure_pct": 61.131520940484954,
    "t_statistic": -16.661746905380934,
    "p_value": 1.751798156510766e-51,
    "significant": true
  }
}