{
  "training": {
    "mean": 7.463333333333333,
    "median": 8.0,
    "std": 1.9971618751507239,
    "count": 300
  },
  "baseline": {
    "mean": 2.9833333333333334,
    "median": 3.0,
    "std": 1.5651588488783565,
    "count": 300
  },
  "neologism": {
    "mean": 6.136666666666667,
    "median": 6.0,
    "std": 2.2176539154901715,
    "count": 300
  },
  "gap_closure": {
    "gap_total": 4.4799999999999995,
    "gap_closed": 3.1533333333333333,
    "gap_closure_pct": 70.38690476190477,
    "t_statistic": -20.088114791966984,
    "p_value": 5.553397834985873e-69,
    "significant": true
  }
}