{
  "training": {
    "mean": 7.33,
    "median": 8.0,
    "std": 2.1026411962101377,
    "count": 100
  },
  "baseline": {
    "mean": 2.9833333333333334,
    "median": 3.0,
    "std": 1.5736546282106785,
    "count": 300
  },
  "neologism": {
    "mean": 6.19,
    "median": 6.0,
    "std": 2.197096568959438,
    "count": 300
  },
  "gap_closure": {
    "gap_total": 4.346666666666667,
    "gap_closed": 3.206666666666667,
    "gap_closure_pct": 73.77300613496934,
    "t_statistic": -20.517302463086338,
    "p_value": 3.155386035112015e-71,
    "significant": true
  }
}