{
  "base_model": {
    "mean": 303.13666666666666,
    "median": 293.0,
    "std": 160.27224127160082,
    "min": 25.0,
    "max": 1374.0,
    "count": 300
  },
  "neologism": {
    "mean": 52.99,
    "median": 50.0,
    "std": 23.175919255411063,
    "min": 18.0,
    "max": 261.0,
    "count": 300
  },
  "combined_neologism": {
    "mean": 81.7,
    "median": 62.0,
    "std": 58.14886069391214,
    "min": 21.0,
    "max": 462.0,
    "count": 300
  },
  "finetuning": {
    "mean": 346.28,
    "median": 75.5,
    "std": 532.4065003359744,
    "min": 21.0,
    "max": 1711.0,
    "count": 300
  },
  "prompting": {
    "mean": 54.70333333333333,
    "median": 43.0,
    "std": 48.55727191220235,
    "min": 11.0,
    "max": 352.0,
    "count": 300
  },
  "training_data": {
    "mean": 41.20666666666666,
    "median": 42.0,
    "std": 11.028325147344702,
    "min": 4.0,
    "max": 83.0,
    "count": 300
  }
}