{
  "training": {
    "mean": 7.84,
    "median": 8.0,
    "std": 1.7928747864811978,
    "count": 100
  },
  "baseline": {
    "mean": 3.006666666666667,
    "median": 3.0,
    "std": 1.5684245457004158,
    "count": 300
  },
  "lora": {
    "mean": 6.903333333333333,
    "median": 8.0,
    "std": 2.2979677011558617,
    "count": 300
  },
  "gap_closure": {
    "gap_total": 4.493333333333333,
    "gap_closed": 3.8966666666666665,
    "gap_closure_pct": 86.72106824925817,
    "t_statistic": -24.218164573364202,
    "p_value": 8.125222176016401e-91,
    "significant": true
  }
}